{"regist_target_img_scalef": 0.1802343, "tissue_hires_scalef": 0.060078103, "tissue_lowres_scalef": 0.018023431, "fiducial_diameter_fullres": 208.25259027386605, "spot_diameter_fullres": 119.0014801564949}